timestamp(ms),volt,
"1778896520.621","0",
"1778896520.623","0",
"1778896520.624","0",
"1778896520.626","1",
"1778896520.629","0",
"1778896520.632","0",
"1778896520.635","0",
"1778896520.637","0",
"1778896520.64","1",
"1778896520.643","0",
"1778896520.646","0",
"1778896520.648","0",
"1778896520.649","0",
"1778896520.651","0",
"1778896520.654","0",
"1778896520.656","0",
"1778896520.657","0",
"1778896520.659","0",
"1778896520.662","0",
"1778896520.665","1",
"1778896520.668","0",
"1778896520.67","0",
"1778896520.671","0",
"1778896520.673","0",
"1778896520.676","0",
"1778896520.679","0",
"1778896520.682","0",
"1778896520.684","0",
"1778896520.685","0",
"1778896520.687","0",
"1778896520.69","0",
"1778896520.693","0",
"1778896520.695","0",
"1778896520.696","0",
"1778896520.698","0",
"1778896520.701","0",
"1778896520.704","0",
"1778896520.706","0",
"1778896520.707","0",
"1778896520.709","0",
"1778896520.71","1",
"1778896520.712","0",
"1778896520.715","0",
"1778896520.718","0",
"1778896520.72","1",
"1778896520.723","0",
"1778896520.726","0",
"1778896520.729","0",
"1778896520.731","0",
"1778896520.732","0",
"1778896520.734","0",
"1778896520.735","0",
"1778896520.737","0",
"1778896520.74","0",
"1778896520.743","0",
"1778896520.745","0",
"1778896520.746","1",
"1778896520.748","0",
"1778896520.751","1",
"1778896520.754","0",
"1778896520.756","0",
"1778896520.757","0",
"1778896520.759","0",
"1778896520.76","0",
"1778896520.762","0",
"1778896520.765","0",
"1778896520.768","0",
"1778896520.77","0",
"1778896520.773","1",
"1778896520.776","2",
"1778896520.779","0",
"1778896520.781","0",
"1778896520.782","0",
"1778896520.784","0",
"1778896520.787","0",
"1778896520.79","0",
"1778896520.793","1",
"1778896520.795","0",
"1778896520.798","0",
"1778896520.801","0",
"1778896520.804","0",
"1778896520.807","6",
"1778896520.809","0",
"1778896520.81","0",
"1778896520.812","0",
"1778896520.815","0",
"1778896520.818","0",
"1778896520.82","1",
"1778896520.823","0",
"1778896520.826","0",
"1778896520.829","0",
"1778896520.831","0",
"1778896520.832","2",
"1778896520.834","0",
"1778896520.837","0",
"1778896520.84","0",
"1778896520.843","1",
"1778896520.845","0",
"1778896520.848","0",
"1778896520.851","0",
"1778896520.854","0",
"1778896520.856","2",
"1778896520.857","2",
"1778896520.859","0",
"1778896520.862","0",
"1778896520.865","0",
"1778896520.868","1",
"1778896520.87","0",
"1778896520.871","1",
"1778896520.873","0",
"1778896520.876","1",
"1778896520.879","0",
"1778896520.881","1",
"1778896520.882","0",
"1778896520.884","0",
"1778896520.887","1",
"1778896520.89","0",
"1778896520.893","0",
"1778896520.895","0",
"1778896520.898","0",
"1778896520.901","0",
"1778896520.904","0",
"1778896520.906","0",
"1778896520.907","0",
"1778896520.909","0",
"1778896520.912","2",
"1778896520.915","0",
"1778896520.918","0",
"1778896520.92","0",
"1778896520.923","0",
"1778896520.926","1",
"1778896520.929","0",
"1778896520.931","0",
"1778896520.932","0",
"1778896520.934","0",
"1778896520.937","0",
"1778896520.94","3",
"1778896520.943","0",
"1778896520.945","1",
"1778896520.948","0",
"1778896520.951","1",
"1778896520.954","1",
"1778896520.956","0",
"1778896520.957","0",
"1778896520.959","2",
"1778896520.96","0",
"1778896520.962","0",
"1778896520.965","0",
"1778896520.968","1",
"1778896520.97","0",
"1778896520.973","0",
"1778896520.976","1",
"1778896520.979","0",
"1778896520.981","0",
"1778896520.982","0",
"1778896520.984","0",
"1778896520.987","0",
"1778896520.99","0",
"1778896520.993","0",
"1778896520.995","0",
"1778896520.998","0",
"1778896521.001","0",
"1778896521.004","0",
"1778896521.007","0",
"1778896521.009","0",
"1778896521.012","0",
"1778896521.015","0",
"1778896521.018","0",
"1778896521.02","0",
"1778896521.023","0",
"1778896521.026","0",
"1778896521.029","0",
"1778896521.031","0",
"1778896521.032","0",
"1778896521.034","0",
"1778896521.037","0",
"1778896521.04","0",
"1778896521.043","1",
"1778896521.045","0",
"1778896521.048","0",
"1778896521.051","0",
"1778896521.054","3",
"1778896521.056","0",
"1778896521.057","1",
"1778896521.059","0",
"1778896521.062","0",
"1778896521.065","0",
"1778896521.068","0",
"1778896521.07","0",
"1778896521.073","1",
"1778896521.076","0",
"1778896521.079","0",
"1778896521.081","0",
"1778896521.082","1",
"1778896521.084","0",
"1778896521.087","1",
"1778896521.09","0",
"1778896521.093","2",
"1778896521.095","0",
"1778896521.098","0",
"1778896521.101","5",
"1778896521.104","3",
"1778896521.106","0",
"1778896521.107","0",
"1778896521.109","0",
"1778896521.11","2",
"1778896521.112","1",
"1778896521.115","2",
"1778896521.118","0",
"1778896521.12","3",
"1778896521.123","0",
"1778896521.126","3",
"1778896521.129","0",
"1778896521.131","1",
"1778896521.132","0",
"1778896521.134","1",
"1778896521.137","0",
"1778896521.14","0",
"1778896521.143","0",
"1778896521.145","2",
"1778896521.148","0",
"1778896521.151","0",
"1778896521.154","0",
"1778896521.156","0",
"1778896521.157","3",
"1778896521.159","0",
"1778896521.163","0",
"1778896521.165","0",
"1778896521.168","0",
"1778896521.17","0",
"1778896521.171","0",
"1778896521.173","2",
"1778896521.174","0",
"1778896521.176","0",
"1778896521.179","2",
"1778896521.182","0",
"1778896521.184","3",
"1778896521.185","2",
"1778896521.187","2",
"1778896521.19","1",
"1778896521.193","0",
"1778896521.195","0",
"1778896521.198","0",
"1778896521.201","0",
"1778896521.204","1",
"1778896521.207","0",
"1778896521.209","0",
"1778896521.21","2",
"1778896521.212","2",
"1778896521.215","0",
"1778896521.218","5",
"1778896521.22","2",
"1778896521.223","1",
"1778896521.226","2",
"1778896521.229","2",
"1778896521.231","1",
"1778896521.232","3",
"1778896521.234","1",
"1778896521.237","1",
"1778896521.24","2",
"1778896521.243","1",
"1778896521.245","3",
"1778896521.248","1",
"1778896521.251","1",
"1778896521.254","2",
"1778896521.256","0",
"1778896521.257","1",
"1778896521.259","0",
"1778896521.262","1",
"1778896521.265","1",
"1778896521.268","1",
"1778896521.27","2",
"1778896521.273","0",
"1778896521.276","0",
"1778896521.279","0",
"1778896521.282","0",
"1778896521.284","1",
"1778896521.287","0",
"1778896521.29","0",
"1778896521.293","2",
"1778896521.295","2",
"1778896521.298","0",
"1778896521.301","0",
"1778896521.304","1",
"1778896521.306","3",
"1778896521.307","2",
"1778896521.309","2",
"1778896521.312","0",
"1778896521.315","0",
"1778896521.318","0",
"1778896521.32","0",
"1778896521.323","0",
"1778896521.326","3",
"1778896521.329","1",
"1778896521.331","2",
"1778896521.332","1",
"1778896521.334","1",
"1778896521.337","0",
"1778896521.34","1",
"1778896521.343","0",
"1778896521.345","2",
"1778896521.346","3",
"1778896521.348","1",
"1778896521.351","0",
"1778896521.354","1",
"1778896521.356","1",
"1778896521.357","1",
"1778896521.359","3",
"1778896521.362","4",
"1778896521.365","1",
"1778896521.368","3",
"1778896521.37","0",
"1778896521.373","5",
"1778896521.376","1",
"1778896521.379","2",
"1778896521.381","0",
"1778896521.382","0",
"1778896521.384","1",
"1778896521.387","0",
"1778896521.39","3",
"1778896521.393","2",
"1778896521.395","1",
"1778896521.398","0",
"1778896521.401","3",
"1778896521.404","2",
"1778896521.406","0",
"1778896521.407","1",
"1778896521.409","3",
"1778896521.41","3",
"1778896521.412","3",
"1778896521.415","1",
"1778896521.418","1",
"1778896521.42","1",
"1778896521.423","1",
"1778896521.426","0",
"1778896521.429","1",
"1778896521.431","1",
"1778896521.432","1",
"1778896521.434","2",
"1778896521.437","0",
"1778896521.44","6",
"1778896521.443","2",
"1778896521.445","3",
"1778896521.448","4",
"1778896521.451","1",
"1778896521.454","3",
"1778896521.456","0",
"1778896521.457","0",
"1778896521.459","3",
"1778896521.462","1",
"1778896521.465","0",
"1778896521.468","0",
"1778896521.47","1",
"1778896521.473","1",
"1778896521.476","1",
"1778896521.479","2",
"1778896521.481","2",
"1778896521.482","1",
"1778896521.484","3",
"1778896521.487","2",
"1778896521.49","5",
"1778896521.493","4",
"1778896521.495","2",
"1778896521.498","0",
"1778896521.501","4",
"1778896521.504","3",
"1778896521.506","1",
"1778896521.507","3",
"1778896521.509","0",
"1778896521.512","6",
"1778896521.515","1",
"1778896521.518","3",
"1778896521.52","1",
"1778896521.523","2",
"1778896521.526","2",
"1778896521.529","3",
"1778896521.531","0",
"1778896521.532","7",
"1778896521.534","3",
"1778896521.535","0",
"1778896521.537","6",
"1778896521.54","2",
"1778896521.543","2",
"1778896521.545","2",
"1778896521.548","1",
"1778896521.551","3",
"1778896521.554","1",
"1778896521.556","2",
"1778896521.557","0",
"1778896521.559","1",
"1778896521.562","2",
"1778896521.565","0",
"1778896521.568","1",
"1778896521.57","1",
"1778896521.573","4",
"1778896521.576","2",
"1778896521.579","0",
"1778896521.581","3",
"1778896521.582","4",
"1778896521.584","0",
"1778896521.587","2",
"1778896521.59","6",
"1778896521.593","2",
"1778896521.595","3",
"1778896521.596","7",
"1778896521.598","1",
"1778896521.601","1",
"1778896521.604","2",
"1778896521.606","0",
"1778896521.607","1",
"1778896521.609","4",
"1778896521.612","2",
"1778896521.615","3",
"1778896521.618","0",
"1778896521.62","3",
"1778896521.623","2",
"1778896521.626","2",
"1778896521.629","3",
"1778896521.631","3",
"1778896521.632","4",
"1778896521.634","4",
"1778896521.637","3",
"1778896521.64","0",
"1778896521.643","2",
"1778896521.645","3",
"1778896521.648","2",
"1778896521.651","0",
"1778896521.654","5",
"1778896521.656","0",
"1778896521.657","2",
"1778896521.659","3",
"1778896521.662","3",
"1778896521.665","4",
"1778896521.668","5",
"1778896521.67","4",
"1778896521.673","2",
"1778896521.676","3",
"1778896521.679","3",
"1778896521.681","5",
"1778896521.682","4",
"1778896521.684","4",
"1778896521.687","3",
"1778896521.69","1",
"1778896521.693","3",
"1778896521.695","3",
"1778896521.696","2",
"1778896521.698","1",
"1778896521.701","4",
"1778896521.704","1",
"1778896521.707","2",
"1778896521.709","0",
"1778896521.71","2",
"1778896521.712","0",
"1778896521.715","2",
"1778896521.718","2",
"1778896521.72","2",
"1778896521.721","2",
"1778896521.723","0",
"1778896521.726","0",
"1778896521.729","2",
"1778896521.732","0",
"1778896521.735","0",
"1778896521.737","1",
"1778896521.74","1",
"1778896521.743","1",
"1778896521.745","2",
"1778896521.748","2",
"1778896521.751","4",
"1778896521.754","4",
"1778896521.756","1",
"1778896521.757","0",
"1778896521.759","0",
"1778896521.762","2",
"1778896521.765","3",
"1778896521.768","1",
"1778896521.77","1",
"1778896521.773","1",
"1778896521.776","2",
"1778896521.779","1",
"1778896521.781","2",
"1778896521.782","2",
"1778896521.784","1",
"1778896521.787","3",
"1778896521.79","0",
"1778896521.793","0",
"1778896521.795","2",
"1778896521.798","0",
"1778896521.799","1",
"1778896521.801","4",
"1778896521.804","0",
"1778896521.807","0",
"1778896521.809","0",
"1778896521.81","2",
"1778896521.812","0",
"1778896521.815","0",
"1778896521.818","0",
"1778896521.82","2",
"1778896521.823","2",
"1778896521.826","2",
"1778896521.829","2",
"1778896521.831","1",
"1778896521.832","2",
"1778896521.834","1",
"1778896521.837","0",
"1778896521.84","3",
"1778896521.843","5",
"1778896521.845","1",
"1778896521.848","3",
"1778896521.851","3",
"1778896521.854","0",
"1778896521.856","4",
"1778896521.857","3",
"1778896521.859","1",
"1778896521.862","2",
"1778896521.865","3",
"1778896521.868","5",
"1778896521.87","2",
"1778896521.873","1",
"1778896521.876","3",
"1778896521.879","1",
"1778896521.882","0",
"1778896521.884","1",
"1778896521.885","1",
"1778896521.887","1",
"1778896521.89","2",
"1778896521.893","3",
"1778896521.895","6",
"1778896521.898","0",
"1778896521.901","3",
"1778896521.904","1",
"1778896521.906","5",
"1778896521.907","3",
"1778896521.909","5",
"1778896521.912","3",
"1778896521.915","2",
"1778896521.918","3",
"1778896521.92","4",
"1778896521.923","3",
"1778896521.926","5",
"1778896521.929","5",
"1778896521.931","5",
"1778896521.932","3",
"1778896521.934","2",
"1778896521.937","2",
"1778896521.94","2",
"1778896521.943","0",
"1778896521.945","5",
"1778896521.948","4",
"1778896521.951","1",
"1778896521.954","5",
"1778896521.956","1",
"1778896521.957","3",
"1778896521.959","2",
"1778896521.96","1",
"1778896521.962","2",
"1778896521.965","1",
"1778896521.968","3",
"1778896521.97","1",
"1778896521.973","0",
"1778896521.976","1",
"1778896521.979","3",
"1778896521.981","3",
"1778896521.982","2",
"1778896521.984","0",
"1778896521.987","3",
"1778896521.99","1",
"1778896521.993","2",
"1778896521.995","3",
"1778896521.998","1",
"1778896522.001","12",
"1778896522.004","1",
"1778896522.006","2",
"1778896522.007","2",
"1778896522.009","5",
"1778896522.01","4",
"1778896522.012","1",
"1778896522.015","1",
"1778896522.018","5",
"1778896522.02","5",
"1778896522.023","5",
"1778896522.026","1",
"1778896522.029","2",
"1778896522.031","5",
"1778896522.032","1",
"1778896522.034","2",
"1778896522.037","3",
"1778896522.04","4",
"1778896522.043","6",
"1778896522.045","0",
"1778896522.048","2",
"1778896522.051","1",
"1778896522.054","4",
"1778896522.057","3",
"1778896522.059","4",
"1778896522.06","2",
"1778896522.062","4",
"1778896522.065","3",
"1778896522.068","6",
"1778896522.07","0",
"1778896522.071","1",
"1778896522.073","1",
"1778896522.076","3",
"1778896522.079","1",
"1778896522.081","1",
"1778896522.082","3",
"1778896522.084","4",
"1778896522.087","3",
"1778896522.09","4",
"1778896522.093","3",
"1778896522.095","3",
"1778896522.098","1",
"1778896522.101","2",
"1778896522.104","6",
"1778896522.106","3",
"1778896522.107","3",
"1778896522.109","5",
"1778896522.112","3",
"1778896522.115","6",
"1778896522.118","5",
"1778896522.12","4",
"1778896522.123","3",
"1778896522.126","7",
"1778896522.129","6",
"1778896522.131","5",
"1778896522.132","7",
"1778896522.134","3",
"1778896522.137","1",
"1778896522.14","2",
"1778896522.143","2",
"1778896522.145","2",
"1778896522.148","7",
"1778896522.151","6",
"1778896522.154","5",
"1778896522.156","0",
"1778896522.157","1",
"1778896522.159","3",
"1778896522.162","2",
"1778896522.165","3",
"1778896522.168","1",
"1778896522.17","1",
"1778896522.173","1",
"1778896522.176","0",
"1778896522.179","1",
"1778896522.18","0",
"1778896522.183","0",
"1778896522.185","0",
"1778896522.186","2",
"1778896522.188","3",
"1778896522.191","2",
"1778896522.194","1",
"1778896522.197","0",
"1778896522.199","1",
"1778896522.2","1",
"1778896522.202","1",
"1778896522.205","0",
"1778896522.208","2",
"1778896522.211","3",
"1778896522.213","1",
"1778896522.216","0",
"1778896522.219","5",
"1778896522.222","1",
"1778896522.224","3",
"1778896522.225","5",
"1778896522.227","0",
"1778896522.23","2",
"1778896522.233","4",
"1778896522.236","3",
"1778896522.238","3",
"1778896522.241","1",
"1778896522.244","0",
"1778896522.247","1",
"1778896522.249","0",
"1778896522.252","0",
"1778896522.255","0",
"1778896522.258","1",
"1778896522.261","0",
"1778896522.263","0",
"1778896522.266","0",
"1778896522.269","1",
"1778896522.272","2",
"1778896522.274","5",
"1778896522.275","0",
"1778896522.277","0",
"1778896522.28","0",
"1778896522.283","0",
"1778896522.286","1",
"1778896522.288","2",
"1778896522.291","6",
"1778896522.294","6",
"1778896522.297","9",
"1778896522.299","9",
"1778896522.3","7",
"1778896522.302","2",
"1778896522.305","2",
"1778896522.308","10",
"1778896522.311","5",
"1778896522.313","11",
"1778896522.316","2",
"1778896522.319","6",
"1778896522.322","5",
"1778896522.324","6",
"1778896522.327","7",
"1778896522.331","8",
"1778896522.333","5",
"1778896522.336","7",
"1778896522.338","11",
"1778896522.339","10",
"1778896522.341","7",
"1778896522.344","6",
"1778896522.347","5",
"1778896522.35","4",
"1778896522.352","5",
"1778896522.355","11",
"1778896522.358","5",
"1778896522.361","2",
"1778896522.363","3",
"1778896522.364","7",
"1778896522.366","7",
"1778896522.369","3",
"1778896522.372","3",
"1778896522.375","4",
"1778896522.377","1",
"1778896522.38","3",
"1778896522.383","0",
"1778896522.386","1",
"1778896522.388","2",
"1778896522.391","1",
"1778896522.394","5",
"1778896522.397","2",
"1778896522.399","5",
"1778896522.4","0",
"1778896522.402","3",
"1778896522.405","0",
"1778896522.408","0",
"1778896522.411","0",
"1778896522.413","4",
"1778896522.416","3",
"1778896522.419","1",
"1778896522.422","2",
"1778896522.424","3",
"1778896522.425","3",
"1778896522.427","5",
"1778896522.43","2",
"1778896522.433","1",
"1778896522.436","3",
"1778896522.438","0",
"1778896522.441","4",
"1778896522.444","2",
"1778896522.447","6",
"1778896522.449","5",
"1778896522.45","6",
"1778896522.452","5",
"1778896522.455","5",
"1778896522.458","8",
"1778896522.461","3",
"1778896522.463","5",
"1778896522.466","5",
"1778896522.469","1",
"1778896522.472","0",
"1778896522.474","0",
"1778896522.477","2",
"1778896522.48","0",
"1778896522.483","0",
"1778896522.486","0",
"1778896522.488","2",
"1778896522.491","6",
"1778896522.494","9",
"1778896522.497","7",
"1778896522.499","5",
"1778896522.502","3",
"1778896522.505","3",
"1778896522.508","5",
"1778896522.511","5",
"1778896522.513","3",
"1778896522.516","4",
"1778896522.519","2",
"1778896522.522","0",
"1778896522.524","2",
"1778896522.527","1",
"1778896522.53","0",
"1778896522.533","4",
"1778896522.536","2",
"1778896522.538","2",
"1778896522.541","6",
"1778896522.544","4",
"1778896522.547","5",
"1778896522.549","5",
"1778896522.552","5",
"1778896522.555","10",
"1778896522.558","7",
"1778896522.561","7",
"1778896522.563","5",
"1778896522.566","6",
"1778896522.569","5",
"1778896522.572","5",
"1778896522.574","6",
"1778896522.577","7",
"1778896522.58","6",
"1778896522.583","5",
"1778896522.586","6",
"1778896522.588","5",
"1778896522.589","3",
"1778896522.591","1",
"1778896522.594","2",
"1778896522.597","1",
"1778896522.599","3",
"1778896522.602","3",
"1778896522.605","5",
"1778896522.608","4",
"1778896522.611","4",
"1778896522.613","2",
"1778896522.616","4",
"1778896522.619","5",
"1778896522.622","7",
"1778896522.624","5",
"1778896522.625","3",
"1778896522.627","6",
"1778896522.63","2",
"1778896522.633","6",
"1778896522.635","4",
"1778896522.636","5",
"1778896522.638","2",
"1778896522.641","5",
"1778896522.644","0",
"1778896522.647","1",
"1778896522.649","0",
"1778896522.652","2",
"1778896522.655","1",
"1778896522.658","1",
"1778896522.661","2",
"1778896522.663","0",
"1778896522.666","1",
"1778896522.669","3",
"1778896522.672","0",
"1778896522.674","0",
"1778896522.675","2",
"1778896522.677","0",
"1778896522.68","0",
"1778896522.683","3",
"1778896522.686","0",
"1778896522.688","0",
"1778896522.691","1",
"1778896522.694","0",
"1778896522.697","1",
"1778896522.699","1",
"1778896522.7","0",
"1778896522.702","0",
"1778896522.705","0",
"1778896522.708","0",
"1778896522.711","2",
"1778896522.713","1",
"1778896522.716","0",
"1778896522.719","0",
"1778896522.722","0",
"1778896522.724","0",
"1778896522.725","0",
"1778896522.727","1",
"1778896522.73","1",
"1778896522.733","0",
"1778896522.736","0",
"1778896522.738","0",
"1778896522.741","1",
"1778896522.744","1",
"1778896522.747","1",
"1778896522.749","2",
"1778896522.752","0",
"1778896522.755","2",
"1778896522.758","2",
"1778896522.76","2",
"1778896522.761","1",
"1778896522.763","4",
"1778896522.766","4",
"1778896522.769","2",
"1778896522.772","2",
"1778896522.774","1",
"1778896522.777","2",
"1778896522.78","1",
"1778896522.783","1",
"1778896522.786","3",
"1778896522.788","2",
"1778896522.791","1",
"1778896522.794","2",
"1778896522.797","5",
"1778896522.799","5",
"1778896522.8","5",
"1778896522.802","1",
"1778896522.805","3",
"1778896522.808","1",
"1778896522.811","4",
"1778896522.813","3",
"1778896522.816","3",
"1778896522.819","2",
"1778896522.822","0",
"1778896522.824","2",
"1778896522.825","0",
"1778896522.827","7",
"1778896522.83","3",
"1778896522.833","0",
"1778896522.836","0",
"1778896522.838","5",
"1778896522.841","7",
"1778896522.844","5",
"1778896522.847","7",
"1778896522.849","7",
"1778896522.85","7",
"1778896522.852","3",
"1778896522.855","6",
"1778896522.859","5",
"1778896522.861","5",
"1778896522.863","5",
"1778896522.864","4",
"1778896522.866","6",
"1778896522.869","4",
"1778896522.872","6",
"1778896522.875","9",
"1778896522.877","7",
"1778896522.88","10",
"1778896522.883","6",
"1778896522.886","7",
"1778896522.888","7",
"1778896522.889","9",
"1778896522.891","9",
"1778896522.894","13",
"1778896522.897","13",
"1778896522.9","9",
"1778896522.902","11",
"1778896522.903","8",
"1778896522.905","6",
"1778896522.908","8",
"1778896522.911","10",
"1778896522.913","13",
"1778896522.916","9",
"1778896522.919","14",
"1778896522.922","13",
"1778896522.924","16",
"1778896522.925","13",
"1778896522.927","15",
"1778896522.93","11",
"1778896522.933","14",
"1778896522.936","12",
"1778896522.938","13",
"1778896522.941","11",
"1778896522.944","11",
"1778896522.947","2",
"1778896522.949","2",
"1778896522.95","3",
"1778896522.952","4",
"1778896522.955","3",
"1778896522.958","3",
"1778896522.961","3",
"1778896522.963","9",
"1778896522.966","10",
"1778896522.969","6",
"1778896522.972","6",
"1778896522.974","4",
"1778896522.975","6",
"1778896522.977","7",
"1778896522.98","4",
"1778896522.983","3",
"1778896522.986","4",
"1778896522.988","3",
"1778896522.991","3",
"1778896522.994","1",
"1778896522.997","0",
"1778896522.999","0",
"1778896523.002","0",
"1778896523.005","0",
"1778896523.008","0",
"1778896523.011","0",
"1778896523.013","0",
"1778896523.016","0",
"1778896523.019","0",
"1778896523.022","0",
"1778896523.024","0",
"1778896523.025","0",
"1778896523.027","0",
"1778896523.03","0",
"1778896523.033","0",
"1778896523.036","0",
"1778896523.038","0",
"1778896523.041","0",
"1778896523.044","0",
"1778896523.047","10",
"1778896523.049","13",
"1778896523.05","9",
"1778896523.052","9",
"1778896523.055","14",
"1778896523.058","10",
"1778896523.061","5",
"1778896523.063","6",
"1778896523.066","11",
"1778896523.069","10",
"1778896523.072","10",
"1778896523.074","7",
"1778896523.077","9",
"1778896523.08","10",
"1778896523.083","10",
"1778896523.085","9",
"1778896523.086","11",
"1778896523.088","8",
"1778896523.091","11",
"1778896523.094","10",
"1778896523.097","13",
"1778896523.099","9",
"1778896523.1","7",
"1778896523.102","6",
"1778896523.105","7",
"1778896523.108","7",
"1778896523.11","9",
"1778896523.111","8",
"1778896523.113","10",
"1778896523.116","9",
"1778896523.119","11",
"1778896523.122","7",
"1778896523.124","5",
"1778896523.125","6",
"1778896523.127","6",
"1778896523.13","7",
"1778896523.133","9",
"1778896523.136","7",
"1778896523.138","10",
"1778896523.141","7",
"1778896523.144","7",
"1778896523.147","5",
"1778896523.149","3",
"1778896523.152","6",
"1778896523.155","7",
"1778896523.158","4",
"1778896523.161","5",
"1778896523.163","6",
"1778896523.166","6",
"1778896523.169","6",
"1778896523.172","7",
"1778896523.174","9",
"1778896523.175","10",
"1778896523.177","9",
"1778896523.18","9",
"1778896523.183","7",
"1778896523.186","13",
"1778896523.188","3",
"1778896523.191","6",
"1778896523.194","7",
"1778896523.197","5",
"1778896523.199","16",
"1778896523.202","17",
"1778896523.205","19",
"1778896523.208","16",
"1778896523.211","17",
"1778896523.213","16",
"1778896523.216","16",
"1778896523.219","16",
"1778896523.222","15",
"1778896523.224","13",
"1778896523.227","13",
"1778896523.23","12",
"1778896523.233","14",
"1778896523.235","11",
"1778896523.236","11",
"1778896523.238","13",
"1778896523.241","9",
"1778896523.244","9",
"1778896523.247","6",
"1778896523.249","10",
"1778896523.25","9",
"1778896523.252","9",
"1778896523.255","5",
"1778896523.258","2",
"1778896523.261","6",
"1778896523.263","5",
"1778896523.266","3",
"1778896523.269","5",
"1778896523.272","6",
"1778896523.274","6",
"1778896523.277","5",
"1778896523.28","4",
"1778896523.283","7",
"1778896523.285","3",
"1778896523.286","6",
"1778896523.288","7",
"1778896523.291","6",
"1778896523.294","7",
"1778896523.297","8",
"1778896523.299","9",
"1778896523.3","10",
"1778896523.302","6",
"1778896523.305","0",
"1778896523.308","0",
"1778896523.311","0",
"1778896523.313","0",
"1778896523.316","10",
"1778896523.319","0",
"1778896523.322","0",
"1778896523.324","0",
"1778896523.325","0",
"1778896523.327","0",
"1778896523.33","0",
"1778896523.333","0",
"1778896523.336","0",
"1778896523.338","1",
"1778896523.341","2",
"1778896523.344","0",
"1778896523.347","3",
"1778896523.349","4",
"1778896523.352","3",
"1778896523.355","2",
"1778896523.358","3",
"1778896523.36","2",
"1778896523.361","2",
"1778896523.363","3",
"1778896523.366","4",
"1778896523.369","6",
"1778896523.372","1",
"1778896523.374","2",
"1778896523.375","5",
"1778896523.377","3",
"1778896523.38","4",
"1778896523.383","3",
"1778896523.385","2",
"1778896523.386","2",
"1778896523.388","2",
"1778896523.391","5",
"1778896523.394","2",
"1778896523.397","4",
"1778896523.399","2",
"1778896523.4","0",
"1778896523.402","3",
"1778896523.405","3",
"1778896523.408","6",
"1778896523.41","2",
"1778896523.411","2",
"1778896523.413","5",
"1778896523.416","1",
"1778896523.419","3",
"1778896523.422","2",
"1778896523.424","3",
"1778896523.425","3",
"1778896523.427","2",
"1778896523.43","2",
"1778896523.433","2",
"1778896523.435","5",
"1778896523.436","2",
"1778896523.438","2",
"1778896523.441","1",
"1778896523.444","2",
"1778896523.447","3",
"1778896523.449","4",
"1778896523.45","2",
"1778896523.452","2",
"1778896523.455","4",
"1778896523.458","3",
"1778896523.46","1",
"1778896523.461","2",
"1778896523.463","4",
"1778896523.466","1",
"1778896523.469","0",
"1778896523.472","1",
"1778896523.474","5",
"1778896523.475","0",
"1778896523.477","1",
"1778896523.48","2",
"1778896523.483","0",
"1778896523.486","0",
"1778896523.488","0",
"1778896523.491","1",
"1778896523.494","0",
"1778896523.497","3",
"1778896523.499","0",
"1778896523.5","1",
"1778896523.502","3",
"1778896523.505","4",
"1778896523.508","3",
"1778896523.511","3",
"1778896523.513","4",
"1778896523.516","4",
"1778896523.519","2",
"1778896523.522","6",
"1778896523.524","3",
"1778896523.527","3",
"1778896523.53","1",
"1778896523.533","4",
"1778896523.536","1",
"1778896523.538","3",
"1778896523.541","3",
"1778896523.544","3",
"1778896523.547","5",
"1778896523.549","6",
"1778896523.55","5",
"1778896523.552","3",
"1778896523.555","5",
"1778896523.558","1",
"1778896523.56","15",
"1778896523.561","2",
"1778896523.563","2",
"1778896523.566","3",
"1778896523.569","1",
"1778896523.572","1",
"1778896523.574","0",
"1778896523.575","2",
"1778896523.577","1",
"1778896523.58","3",
"1778896523.583","2",
"1778896523.586","2",
"1778896523.588","1",
"1778896523.591","4",
"1778896523.594","3",
"1778896523.597","3",
"1778896523.599","3",
"1778896523.603","2",
"1778896523.605","0",
"1778896523.608","0",
"1778896523.611","0",
"1778896523.613","0",
"1778896523.614","0",
"1778896523.616","0",
"1778896523.619","0",
"1778896523.622","0",
"1778896523.625","0",
"1778896523.627","0",
"1778896523.628","0",
"1778896523.63","0",
"1778896523.633","0",
"1778896523.636","0",
"1778896523.638","0",
"1778896523.641","0",
"1778896523.644","0",
"1778896523.647","0",
"1778896523.65","0",
"1778896523.652","0",
"1778896523.655","5",
"1778896523.658","4",
"1778896523.661","4",
"1778896523.663","0",
"1778896523.666","2",
"1778896523.669","2",
"1778896523.672","1",
"1778896523.674","2",
"1778896523.677","5",
"1778896523.68","2",
"1778896523.683","3",
"1778896523.685","1",
"1778896523.686","1",
"1778896523.688","2",
"1778896523.691","7",
"1778896523.694","2",
"1778896523.697","5",
"1778896523.699","5",
"1778896523.7","6",
"1778896523.702","3",
"1778896523.705","1",
"1778896523.708","1",
"1778896523.71","0",
"1778896523.711","1",
"1778896523.713","1",
"1778896523.714","2",
"1778896523.716","2",
"1778896523.719","1",
"1778896523.722","0",
"1778896523.724","1",
"1778896523.725","1",
"1778896523.727","2",
"1778896523.73","2",
"1778896523.733","1",
"1778896523.735","1",
"1778896523.736","2",
"1778896523.738","1",
"1778896523.741","0",
"1778896523.744","0",
"1778896523.747","0",
"1778896523.749","0",
"1778896523.75","0",
"1778896523.752","0",
"1778896523.755","5",
"1778896523.758","6",
"1778896523.761","5",
"1778896523.763","9",
"1778896523.766","6",
"1778896523.769","10",
"1778896523.772","4",
"1778896523.774","3",
"1778896523.777","5",
"1778896523.78","2",
"1778896523.783","5",
"1778896523.786","3",
"1778896523.788","4",
"1778896523.791","7",
"1778896523.794","5",
"1778896523.797","6",
"1778896523.799","3",
"1778896523.802","4",
"1778896523.805","6",
"1778896523.808","6",
"1778896523.811","9",
"1778896523.813","6",
"1778896523.816","3",
"1778896523.819","7",
"1778896523.822","4",
"1778896523.824","5",
"1778896523.827","7",
"1778896523.83","9",
"1778896523.833","3",
"1778896523.835","6",
"1778896523.836","7",
"1778896523.838","5",
"1778896523.841","5",
"1778896523.844","6",
"1778896523.847","3",
"1778896523.849","6",
"1778896523.85","7",
"1778896523.852","5",
"1778896523.855","7",
"1778896523.858","7",
"1778896523.86","13",
"1778896523.861","11",
"1778896523.863","10",
"1778896523.866","9",
"1778896523.869","10",
"1778896523.872","6",
"1778896523.874","10",
"1778896523.875","13",
"1778896523.877","10",
"1778896523.88","11",
"1778896523.883","13",
"1778896523.885","13",
"1778896523.886","11",
"1778896523.888","11",
"1778896523.891","14",
"1778896523.894","11",
"1778896523.897","11",
"1778896523.899","12",
"1778896523.9","11",
"1778896523.902","11",
"1778896523.905","13",
"1778896523.908","14",
"1778896523.911","14",
"1778896523.913","10",
"1778896523.914","10",
"1778896523.916","12",
"1778896523.919","10",
"1778896523.922","16",
"1778896523.924","11",
"1778896523.925","12",
"1778896523.927","12",
"1778896523.93","10",
"1778896523.933","12",
"1778896523.936","9",
"1778896523.938","10",
"1778896523.941","8",
"1778896523.944","12",
"1778896523.947","10",
"1778896523.949","13",
"1778896523.95","9",
"1778896523.952","11",
"1778896523.955","9",
"1778896523.958","10",
"1778896523.96","12",
"1778896523.961","8",
"1778896523.963","10",
"1778896523.966","6",
"1778896523.969","10",
"1778896523.972","7",
"1778896523.974","10",
"1778896523.975","7",
"1778896523.977","7",
"1778896523.98","9",
"1778896523.983","5",
"1778896523.985","9",
"1778896523.986","5",
"1778896523.988","9",
"1778896523.991","4",
"1778896523.994","8",
"1778896523.997","5",
"1778896523.999","6",
"1778896524.002","7",
"1778896524.005","6",
"1778896524.008","9",
"1778896524.011","5",
"1778896524.013","4",
"1778896524.016","1",
"1778896524.019","0",
"1778896524.022","5",
"1778896524.024","0",
"1778896524.027","2",
"1778896524.03","0",
"1778896524.033","3",
"1778896524.036","2",
"1778896524.038","5",
"1778896524.041","2",
"1778896524.044","3",
"1778896524.047","4",
"1778896524.049","5",
"1778896524.05","6",
"1778896524.052","5",
"1778896524.055","2",
"1778896524.058","3",
"1778896524.06","5",
"1778896524.061","2",
"1778896524.063","4",
"1778896524.066","0",
"1778896524.069","0",
"1778896524.072","2",
"1778896524.074","5",
"1778896524.077","3",
"1778896524.08","4",
"1778896524.083","2",
"1778896524.085","1",
"1778896524.086","6",
"1778896524.088","2",
"1778896524.091","4",
"1778896524.094","3",
"1778896524.097","5",
"1778896524.099","4",
"1778896524.1","3",
"1778896524.102","3",
"1778896524.105","6",
"1778896524.108","6",
"1778896524.111","6",
"1778896524.113","2",
"1778896524.116","8",
"1778896524.119","7",
"1778896524.122","10",
"1778896524.124","10",
"1778896524.127","6",
"1778896524.13","6",
"1778896524.133","5",
"1778896524.135","10",
"1778896524.136","6",
"1778896524.138","7",
"1778896524.141","4",
"1778896524.144","2",
"1778896524.147","7",
"1778896524.149","6",
"1778896524.152","3",
"1778896524.155","4",
"1778896524.158","9",
"1778896524.161","6",
"1778896524.165","5",
"1778896524.166","7",
"1778896524.169","6",
"1778896524.172","7",
"1778896524.175","9",
"1778896524.177","7",
"1778896524.178","9",
"1778896524.18","7",
"1778896524.183","5",
"1778896524.186","7",
"1778896524.188","5",
"1778896524.189","10",
"1778896524.191","2",
"1778896524.194","3",
"1778896524.197","3",
"1778896524.199","10",
"1778896524.2","5",
"1778896524.202","9",
"1778896524.205","6",
"1778896524.208","5",
"1778896524.211","3",
"1778896524.213","5",
"1778896524.216","7",
"1778896524.219","7",
"1778896524.222","6",
"1778896524.224","5",
"1778896524.225","5",
"1778896524.227","6",
"1778896524.23","7",
"1778896524.233","5",
"1778896524.235","6",
"1778896524.236","10",
"1778896524.238","6",
"1778896524.239","5",
"1778896524.241","7",
"1778896524.244","7",
"1778896524.247","2",
"1778896524.249","4",
"1778896524.252","7",
"1778896524.255","4",
"1778896524.258","3",
"1778896524.26","6",
"1778896524.261","4",
"1778896524.263","3",
"1778896524.266","6",
"1778896524.269","3",
"1778896524.272","6",
"1778896524.274","5",
"1778896524.277","7",
"1778896524.28","5",
"1778896524.283","7",
"1778896524.286","6",
"1778896524.288","9",
"1778896524.291","6",
"1778896524.294","9",
"1778896524.297","4",
"1778896524.299","6",
"1778896524.3","9",
"1778896524.302","6",
"1778896524.305","4",
"1778896524.308","9",
"1778896524.311","4",
"1778896524.313","5",
"1778896524.314","4",
"1778896524.316","7",
"1778896524.319","6",
"1778896524.322","3",
"1778896524.324","0",
"1778896524.325","3",
"1778896524.327","6",
"1778896524.33","5",
"1778896524.333","9",
"1778896524.335","6",
"1778896524.336","2",
"1778896524.338","2",
"1778896524.341","5",
"1778896524.344","3",
"1778896524.347","3",
"1778896524.349","3",
"1778896524.35","5",
"1778896524.352","4",
"1778896524.355","7",
"1778896524.358","3",
"1778896524.36","2",
"1778896524.361","3",
"1778896524.363","0",
"1778896524.366","5",
"1778896524.368","7",
"1778896524.371","9",
"1778896524.374","6",
"1778896524.377","7",
"1778896524.379","9",
"1778896524.38","2",
"1778896524.382","5",
"1778896524.385","7",
"1778896524.388","9",
"1778896524.39","6",
"1778896524.391","6",
"1778896524.393","6",
"1778896524.396","4",
"1778896524.399","5",
"1778896524.402","3",
"1778896524.404","1",
"1778896524.405","7",
"1778896524.407","6",
"1778896524.41","2",
"1778896524.413","3",
"1778896524.416","4",
"1778896524.418","0",
"1778896524.421","0",
"1778896524.424","0",
"1778896524.427","0",
"1778896524.429","0",
"1778896524.43","0",
"1778896524.432","0",
"1778896524.435","0",
"1778896524.438","0",
"1778896524.441","0",
"1778896524.443","0",
"1778896524.444","0",
"1778896524.446","0",
"1778896524.449","0",
"1778896524.452","0",
"1778896524.454","0",
"1778896524.455","0",
"1778896524.457","0",
"1778896524.46","2",
"1778896524.463","0",
"1778896524.466","2",
"1778896524.468","7",
"1778896524.471","6",
"1778896524.474","10",
"1778896524.477","9",
"1778896524.479","5",
"1778896524.48","9",
"1778896524.482","8",
"1778896524.485","6",
"1778896524.488","6",
"1778896524.491","6",
"1778896524.493","9",
"1778896524.496","6",
"1778896524.499","10",
"1778896524.502","9",
"1778896524.504","10",
"1778896524.505","9",
"1778896524.507","10",
"1778896524.51","9",
"1778896524.513","10",
"1778896524.516","10",
"1778896524.518","10",
"1778896524.521","3",
"1778896524.524","6",
"1778896524.527","3",
"1778896524.529","8",
"1778896524.532","6",
"1778896524.535","4",
"1778896524.538","5",
"1778896524.541","5",
"1778896524.543","5",
"1778896524.546","9",
"1778896524.549","7",
"1778896524.552","3",
"1778896524.554","6",
"1778896524.555","7",
"1778896524.557","8",
"1778896524.56","1",
"1778896524.565","5",
"1778896524.566","7",
"1778896524.567","10",
"1778896524.568","9",
"1778896524.569","12",
"1778896524.571","9",
"1778896524.572","11",
"1778896524.574","11",
"1778896524.577","12",
"1778896524.58","12",
"1778896524.582","10",
"1778896524.585","5",
"1778896524.588","7",
"1778896524.591","10",
"1778896524.593","13",
"1778896524.596","9",
"1778896524.599","9",
"1778896524.602","10",
"1778896524.605","10",
"1778896524.607","6",
"1778896524.608","11",
"1778896524.61","11",
"1778896524.613","5",
"1778896524.616","7",
"1778896524.618","7",
"1778896524.619","10",
"1778896524.621","7",
"1778896524.624","10",
"1778896524.627","13",
"1778896524.629","12",
"1778896524.632","10",
"1778896524.635","9",
"1778896524.638","11",
"1778896524.641","12",
"1778896524.643","14",
"1778896524.644","10",
"1778896524.646","14",
"1778896524.649","10",
"1778896524.652","7",
"1778896524.654","13",
"1778896524.655","11",
"1778896524.657","13",
"1778896524.66","11",
"1778896524.663","9",
"1778896524.666","9",
"1778896524.669","10",
"1778896524.671","12",
"1778896524.674","10",
"1778896524.677","13",
"1778896524.68","3",
"1778896524.682","4",
"1778896524.685","3",
"1778896524.688","1",
"1778896524.69","3",
"1778896524.691","3",
"1778896524.693","5",
"1778896524.696","6",
"1778896524.699","0",
"1778896524.702","1",
"1778896524.704","3",
"1778896524.705","1",
"1778896524.707","2",
"1778896524.71","2",
"1778896524.713","3",
"1778896524.716","1",
"1778896524.718","6",
"1778896524.721","1",
"1778896524.724","2",
"1778896524.727","2",
"1778896524.729","3",
"1778896524.732","5",
"1778896524.735","5",
"1778896524.738","7",
"1778896524.74","8",
"1778896524.741","3",
"1778896524.743","9",
"1778896524.746","5",
"1778896524.749","6",
"1778896524.752","7",
"1778896524.756","7",
"1778896524.757","8",
"1778896524.76","7",
"1778896524.763","7",
"1778896524.766","5",
"1778896524.768","11",
"1778896524.769","5",
"1778896524.771","6",
"1778896524.774","7",
"1778896524.777","9",
"1778896524.78","5",
"1778896524.782","4",
"1778896524.783","5",
"1778896524.785","2",
"1778896524.788","4",
"1778896524.791","8",
"1778896524.793","2",
"1778896524.796","7",
"1778896524.799","3",
"1778896524.802","4",
"1778896524.804","5",
"1778896524.805","3",
"1778896524.807","3",
"1778896524.81","2",
"1778896524.813","5",
"1778896524.815","1",
"1778896524.816","5",
"1778896524.818","4",
"1778896524.821","4",
"1778896524.824","3",
"1778896524.827","2",
"1778896524.829","10",
"1778896524.832","10",
"1778896524.835","6",
"1778896524.838","10",
"1778896524.84","7",
"1778896524.841","10",
"1778896524.843","11",
"1778896524.846","10",
"1778896524.849","8",
"1778896524.852","11",
"1778896524.854","7",
"1778896524.857","9",
"1778896524.86","9",
"1778896524.863","7",
"1778896524.866","10",
"1778896524.868","11",
"1778896524.871","11",
"1778896524.874","7",
"1778896524.877","6",
"1778896524.879","10",
"1778896524.88","6",
"1778896524.882","7",
"1778896524.885","6",
"1778896524.888","6",
"1778896524.891","7",
"1778896524.893","10",
"1778896524.896","4",
"1778896524.899","7",
"1778896524.902","8",
"1778896524.904","5",
"1778896524.905","7",
"1778896524.907","6",
"1778896524.91","9",
"1778896524.913","6",
"1778896524.916","9",
"1778896524.918","6",
"1778896524.921","7",
"1778896524.924","5",
"1778896524.927","9",
"1778896524.929","5",
"1778896524.93","11",
"1778896524.932","11",
"1778896524.935","11",
"1778896524.938","13",
"1778896524.94","13",
"1778896524.941","9",
"1778896524.943","11",
"1778896524.946","13",
"1778896524.949","14",
"1778896524.952","11",
"1778896524.954","11",
"1778896524.955","12",
"1778896524.957","13",
"1778896524.96","15",
"1778896524.963","13",
"1778896524.966","11",
"1778896524.968","13",
"1778896524.971","8",
"1778896524.974","11",
"1778896524.977","12",
"1778896524.979","12",
"1778896524.98","12",
"1778896524.982","11",
"1778896524.985","12",
"1778896524.988","15",
"1778896524.991","14",
"1778896524.993","16",
"1778896524.996","14",
"1778896524.999","14",
"1778896525.002","12",
"1778896525.004","12",
"1778896525.007","14",
"1778896525.01","14",
"1778896525.013","13",
"1778896525.016","14",
"1778896525.018","14",
"1778896525.021","12",
"1778896525.024","14",
"1778896525.027","11",
"1778896525.029","15",
"1778896525.032","14",
"1778896525.035","14",
"1778896525.038","16",
"1778896525.041","14",
"1778896525.043","10",
"1778896525.046","14",
"1778896525.049","14",
"1778896525.052","13",
"1778896525.054","13",
"1778896525.057","11",
"1778896525.06","16",
"1778896525.063","15",
"1778896525.066","11",
"1778896525.068","13",
"1778896525.071","14",
"1778896525.074","13",
"1778896525.077","10",
"1778896525.079","10",
"1778896525.08","15",
"1778896525.082","10",
"1778896525.085","11",
"1778896525.088","13",
"1778896525.09","10",
"1778896525.091","16",
"1778896525.093","11",
"1778896525.096","11",
"1778896525.099","11",
"1778896525.102","11",
"1778896525.104","15",
"1778896525.105","14",
"1778896525.107","12",
"1778896525.11","14",
"1778896525.113","16",
"1778896525.116","13",
"1778896525.118","13",
"1778896525.121","16",
"1778896525.124","15",
"1778896525.127","13",
"1778896525.129","12",
"1778896525.13","13",
"1778896525.132","13",
"1778896525.135","12",
"1778896525.138","11",
"1778896525.141","13",
"1778896525.143","12",
"1778896525.146","10",
"1778896525.149","13",
"1778896525.152","8",
"1778896525.154","5",
"1778896525.157","7",
"1778896525.16","11",
"1778896525.163","9",
"1778896525.166","14",
"1778896525.168","12",
"1778896525.171","5",
"1778896525.174","10",
"1778896525.177","13",
"1778896525.179","16",
"1778896525.18","11",
"1778896525.182","11",
"1778896525.185","9",
"1778896525.188","11",
"1778896525.19","7",
"1778896525.191","11",
"1778896525.193","11",
"1778896525.196","10",
"1778896525.199","10",
"1778896525.202","9",
"1778896525.204","10",
"1778896525.207","7",
"1778896525.21","10",
"1778896525.213","6",
"1778896525.216","7",
"1778896525.218","7",
"1778896525.221","9",
"1778896525.224","7",
"1778896525.227","8",
"1778896525.229","10",
"1778896525.23","9",
"1778896525.232","7",
"1778896525.235","11",
"1778896525.238","9",
"1778896525.24","4",
"1778896525.241","7",
"1778896525.243","9",
"1778896525.246","5",
"1778896525.249","10",
"1778896525.252","7",
"1778896525.254","9",
"1778896525.255","6",
"1778896525.257","7",
"1778896525.26","6",
"1778896525.263","3",
"1778896525.266","5",
"1778896525.268","9",
"1778896525.271","7",
"1778896525.274","5",
"1778896525.277","6",
"1778896525.279","10",
"1778896525.282","7",
"1778896525.285","4",
"1778896525.288","6",
"1778896525.29","6",
"1778896525.291","6",
"1778896525.293","5",
"1778896525.296","9",
"1778896525.299","3",
"1778896525.302","6",
"1778896525.304","7",
"1778896525.307","5",
"1778896525.31","3",
"1778896525.313","6",
"1778896525.316","6",
"1778896525.318","7",
"1778896525.319","5",
"1778896525.321","6",
"1778896525.324","9",
"1778896525.327","3",
"1778896525.33","6",
"1778896525.332","2",
"1778896525.333","5",
"1778896525.335","6",
"1778896525.338","7",
"1778896525.341","7",
"1778896525.343","6",
"1778896525.346","5",
"1778896525.349","5",
"1778896525.352","3",
"1778896525.355","7",
"1778896525.357","1",
"1778896525.36","1",
"1778896525.363","3",
"1778896525.366","3",
"1778896525.368","5",
"1778896525.369","5",
"1778896525.371","3",
"1778896525.374","4",
"1778896525.377","4",
"1778896525.379","3",
"1778896525.382","4",
"1778896525.385","5",
"1778896525.388","3",
"1778896525.391","4",
"1778896525.393","1",
"1778896525.396","3",
"1778896525.399","4",
"1778896525.402","5",
"1778896525.404","3",
"1778896525.405","4",
"1778896525.407","3",
"1778896525.41","1",
"1778896525.413","1",
"1778896525.415","3",
"1778896525.416","4",
"1778896525.418","7",
"1778896525.421","3",
"1778896525.424","2",
"1778896525.427","3",
"1778896525.429","7",
"1778896525.43","3",
"1778896525.432","6",
"1778896525.433","5",
"1778896525.435","5",
"1778896525.438","2",
"1778896525.441","5",
"1778896525.443","1",
"1778896525.446","1",
"1778896525.449","2",
"1778896525.452","4",
"1778896525.454","6",
"1778896525.455","9",
"1778896525.457","6",
"1778896525.46","4",
"1778896525.463","5",
"1778896525.465","3",
"1778896525.466","6",
"1778896525.468","0",
"1778896525.471","6",
"1778896525.474","3",
"1778896525.477","4",
"1778896525.479","3",
"1778896525.48","3",
"1778896525.482","3",
"1778896525.485","5",
"1778896525.488","2",
"1778896525.49","4",
"1778896525.491","6",
"1778896525.493","4",
"1778896525.496","2",
"1778896525.499","6",
"1778896525.502","5",
"1778896525.504","7",
"1778896525.505","6",
"1778896525.507","6",
"1778896525.51","0",
"1778896525.513","3",
"1778896525.516","2",
"1778896525.518","5",
"1778896525.521","5",
"1778896525.524","3",
"1778896525.527","5",
"1778896525.529","2",
"1778896525.53","2",
"1778896525.532","3",
"1778896525.535","3",
"1778896525.538","7",
"1778896525.541","6",
"1778896525.543","6",
"1778896525.546","6",
"1778896525.549","5",
"1778896525.552","5",
"1778896525.554","3",
"1778896525.555","3",
"1778896525.557","2",
"1778896525.56","2",
"1778896525.563","2",
"1778896525.566","2",
"1778896525.568","4",
"1778896525.571","1",
"1778896525.574","2",
"1778896525.577","3",
"1778896525.579","4",
"1778896525.58","1",
"1778896525.582","0",
"1778896525.585","2",
"1778896525.588","2",
"1778896525.59","5",
"1778896525.591","2",
"1778896525.593","3",
"1778896525.596","2",
"1778896525.599","2",
"1778896525.602","3",
"1778896525.604","3",
"1778896525.607","2",
"1778896525.61","2",
"1778896525.613","2",
"1778896525.615","0",
"1778896525.616","2",
"1778896525.618","5",
"1778896525.621","3",
"1778896525.624","2",
"1778896525.627","2",
"1778896525.629","2",
"1778896525.63","3",
"1778896525.632","1",
"1778896525.635","5",
"1778896525.638","4",
"1778896525.64","2",
"1778896525.641","1",
"1778896525.643","10",
"1778896525.646","3",
"1778896525.649","3",
"1778896525.652","1",
"1778896525.654","3",
"1778896525.655","3",
"1778896525.657","1",
"1778896525.66","4",
"1778896525.663","4",
"1778896525.666","2",
"1778896525.668","4",
"1778896525.671","6",
"1778896525.674","2",
"1778896525.677","5",
"1778896525.679","5",
"1778896525.682","1",
"1778896525.685","2",
"1778896525.688","2",
"1778896525.69","3",
"1778896525.691","7",
"1778896525.693","5",
"1778896525.696","10",
"1778896525.699","4",
"1778896525.702","1",
"1778896525.704","3",
"1778896525.707","2",
"1778896525.71","3",
"1778896525.713","3",
"1778896525.716","7",
"1778896525.718","7",
"1778896525.721","1",
"1778896525.724","2",
"1778896525.727","4",
"1778896525.729","2",
"1778896525.732","3",
"1778896525.735","3",
"1778896525.738","1",
"1778896525.74","5",
"1778896525.741","1",
"1778896525.743","2",
"1778896525.746","3",
"1778896525.749","5",
"1778896525.752","5",
"1778896525.754","4",
"1778896525.757","1",
"1778896525.76","0",
"1778896525.763","3",
"1778896525.766","1",
"1778896525.768","4",
"1778896525.771","3",
"1778896525.774","3",
"1778896525.777","1",
"1778896525.779","5",
"1778896525.782","3",
"1778896525.785","2",
"1778896525.788","1",
"1778896525.79","3",
"1778896525.791","1",
"1778896525.793","4",
"1778896525.796","2",
"1778896525.799","2",
"1778896525.802","1",
"1778896525.804","2",
"1778896525.807","1",
"1778896525.81","6",
"1778896525.813","4",
"1778896525.815","2",
"1778896525.816","3",
"1778896525.818","1",
"1778896525.821","2",
"1778896525.824","3",
"1778896525.827","2",
"1778896525.829","3",
"1778896525.83","2",
"1778896525.832","5",
"1778896525.835","3",
"1778896525.838","1",
"1778896525.84","6",
"1778896525.841","0",
"1778896525.843","1",
"1778896525.846","6",
"1778896525.849","6",
"1778896525.852","4",
"1778896525.854","5",
"1778896525.857","3",
"1778896525.86","5",
"1778896525.863","2",
"1778896525.865","3",
"1778896525.866","4",
"1778896525.868","2",
"1778896525.871","2",
"1778896525.874","2",
"1778896525.877","7",
"1778896525.879","3",
"1778896525.882","2",
"1778896525.885","4",
"1778896525.888","5",
"1778896525.89","5",
"1778896525.891","5",
"1778896525.893","2",
"1778896525.896","1",
"1778896525.899","3",
"1778896525.902","5",
"1778896525.904","5",
"1778896525.907","4",
"1778896525.91","2",
"1778896525.913","4",
"1778896525.916","0",
"1778896525.918","2",
"1778896525.921","0",
"1778896525.924","0",
"1778896525.927","2",
"1778896525.929","0",
"1778896525.932","2",
"1778896525.935","5",
"1778896525.938","4",
"1778896525.94","3",
"1778896525.941","2",
"1778896525.943","4",
"1778896525.946","1",
"1778896525.949","1",
"1778896525.952","0",
"1778896525.954","2",
"1778896525.955","4",
"1778896525.957","3",
"1778896525.96","1",
"1778896525.963","1",
"1778896525.966","2",
"1778896525.968","3",
"1778896525.971","3",
"1778896525.974","0",
"1778896525.977","3",
"1778896525.979","2",
"1778896525.982","2",
"1778896525.985","1",
"1778896525.988","3",
"1778896525.99","6",
"1778896525.991","3",
"1778896525.993","0",
"1778896525.998","4",
"1778896525.999","3",
"1778896526.002","2",
"1778896526.005","2",
"1778896526.007","4",
"1778896526.01","6",
"1778896526.013","4",
"1778896526.016","4",
"1778896526.018","2",
"1778896526.019","1",
"1778896526.021","4",
"1778896526.024","5",
"1778896526.027","3",
"1778896526.03","4",
"1778896526.032","2",
"1778896526.035","1",
"1778896526.038","3",
"1778896526.041","1",
"1778896526.044","1",
"1778896526.046","3",
"1778896526.049","1",
"1778896526.052","1",
"1778896526.054","2",
"1778896526.057","4",
"1778896526.06","2",
"1778896526.063","6",
"1778896526.066","7",
"1778896526.068","3",
"1778896526.071","3",
"1778896526.074","3",
"1778896526.077","5",
"1778896526.079","2",
"1778896526.082","2",
"1778896526.085","3",
"1778896526.088","0",
"1778896526.091","3",
"1778896526.093","3",
"1778896526.096","5",
"1778896526.099","3",
"1778896526.102","2",
"1778896526.104","2",
"1778896526.107","6",
"1778896526.11","3",
"1778896526.113","5",
"1778896526.115","3",
"1778896526.116","3",
"1778896526.118","3",
"1778896526.121","1",
"1778896526.124","5",
"1778896526.127","4",
"1778896526.129","3",
"1778896526.132","3",
"1778896526.135","5",
"1778896526.138","5",
"1778896526.14","3",
"1778896526.141","3",
"1778896526.143","5",
"1778896526.146","0",
"1778896526.149","5",
"1778896526.152","2",
"1778896526.154","2",
"1778896526.155","3",
"1778896526.157","5",
"1778896526.16","2",
"1778896526.163","2",
"1778896526.165","0",
"1778896526.166","3",
"1778896526.168","1",
"1778896526.171","5",
"1778896526.174","0",
"1778896526.177","1",
"1778896526.179","0",
"1778896526.182","0",
"1778896526.185","0",
"1778896526.188","1",
"1778896526.19","3",
"1778896526.191","2",
"1778896526.193","4",
"1778896526.196","0",
"1778896526.199","3",
"1778896526.202","3",
"1778896526.204","2",
"1778896526.207","3",
"1778896526.21","0",
"1778896526.213","1",
"1778896526.215","0",
"1778896526.216","1",
"1778896526.218","3",
"1778896526.221","1",
"1778896526.224","5",
"1778896526.227","1",
"1778896526.229","3",
"1778896526.232","2",
"1778896526.235","6",
"1778896526.238","2",
"1778896526.24","2",
"1778896526.241","2",
"1778896526.243","3",
"1778896526.246","2",
"1778896526.249","9",
"1778896526.252","2",
"1778896526.254","1",
"1778896526.257","3",
"1778896526.26","3",
"1778896526.263","2",
"1778896526.265","1",
"1778896526.266","1",
"1778896526.268","1",
"1778896526.271","6",
"1778896526.274","4",
"1778896526.277","6",
"1778896526.279","3",
"1778896526.282","3",
"1778896526.285","9",
"1778896526.288","2",
"1778896526.29","1",
"1778896526.291","6",
"1778896526.293","3",
"1778896526.296","5",
"1778896526.299","6",
"1778896526.302","2",
"1778896526.304","10",
"1778896526.305","6",
"1778896526.307","8",
"1778896526.31","1",
"1778896526.313","3",
"1778896526.315","1",
"1778896526.316","2",
"1778896526.318","1",
"1778896526.321","4",
"1778896526.324","1",
"1778896526.327","1",
"1778896526.329","3",
"1778896526.332","7",
"1778896526.335","6",
"1778896526.338","5",
"1778896526.34","3",
"1778896526.341","5",
"1778896526.343","5",
"1778896526.346","3",
"1778896526.349","2",
"1778896526.352","6",
"1778896526.354","2",
"1778896526.355","4",
"1778896526.357","7",
"1778896526.36","3",
"1778896526.363","0",
"1778896526.365","2",
"1778896526.366","6",
"1778896526.368","3",
"1778896526.371","4",
"1778896526.374","3",
"1778896526.377","4",
"1778896526.379","5",
"1778896526.38","3",
"1778896526.382","7",
"1778896526.385","4",
"1778896526.388","2",
"1778896526.39","4",
"1778896526.391","2",
"1778896526.393","5",
"1778896526.396","5",
"1778896526.399","4",
"1778896526.402","4",
"1778896526.404","1",
"1778896526.407","7",
"1778896526.41","2",
"1778896526.413","3",
"1778896526.415","5",
"1778896526.416","6",
"1778896526.418","5",
"1778896526.421","3",
"1778896526.424","2",
"1778896526.427","7",
"1778896526.429","2",
"1778896526.43","6",
"1778896526.432","4",
"1778896526.435","5",
"1778896526.438","5",
"1778896526.44","4",
"1778896526.441","2",
"1778896526.443","5",
"1778896526.446","1",
"1778896526.449","3",
"1778896526.452","6",
"1778896526.454","7",
"1778896526.455","3",
"1778896526.457","3",
"1778896526.46","6",
"1778896526.463","8",
"1778896526.465","3",
"1778896526.466","6",
"1778896526.468","1",
"1778896526.471","4",
"1778896526.474","3",
"1778896526.477","5",
"1778896526.479","2",
"1778896526.482","3",
"1778896526.485","5",
"1778896526.488","3",
"1778896526.491","5",
"1778896526.493","9",
"1778896526.496","6",
"1778896526.499","3",
"1778896526.502","1",
"1778896526.503","5",
"1778896526.505","7",
"1778896526.507","5",
"1778896526.51","7",
"1778896526.513","5",
"1778896526.516","2",
"1778896526.518","2",
"1778896526.519","2",
"1778896526.521","2",
"1778896526.524","3",
"1778896526.527","1",
"1778896526.53","6",
"1778896526.532","3",
"1778896526.535","1",
"1778896526.538","3",
"1778896526.541","2",
"1778896526.543","4",
"1778896526.544","4",
"1778896526.546","0",
"1778896526.549","3",
"1778896526.552","3",
"1778896526.554","1",
"1778896526.555","1",
"1778896526.557","2",
"1778896526.56","2",
"1778896526.563","4",
"1778896526.565","1",
"1778896526.566","3",
"1778896526.568","3",
"1778896526.571","6",
"1778896526.574","3",
"1778896526.577","3",
"1778896526.579","1",
"1778896526.582","0",
"1778896526.585","2",
"1778896526.588","4",
"1778896526.59","2",
"1778896526.591","4",
"1778896526.593","6",
"1778896526.596","3",
"1778896526.599","5",
"1778896526.602","1",
"1778896526.604","1",
"1778896526.605","1",
"1778896526.607","6",
"1778896526.61","5",
"1778896526.613","3",
"1778896526.615","4",
"1778896526.616","3",
"1778896526.618","2",
"1778896526.619","1",
"1778896526.621","3",
"1778896526.624","2",
"1778896526.627","5",
"1778896526.629","4",
"1778896526.632","9",
"1778896526.635","3",
"1778896526.638","3",
"1778896526.64","6",
"1778896526.641","2",
"1778896526.643","3",
"1778896526.646","3",
"1778896526.649","3",
"1778896526.652","3",
"1778896526.654","2",
"1778896526.657","2",
"1778896526.66","4",
"1778896526.663","2",
"1778896526.665","5",
"1778896526.666","3",
"1778896526.668","10",
"1778896526.671","7",
"1778896526.674","5",
"1778896526.677","6",
"1778896526.679","3",
"1778896526.68","5",
"1778896526.682","3",
"1778896526.685","7",
"1778896526.688","6",
"1778896526.69","4",
"1778896526.691","4",
"1778896526.693","2",
"1778896526.696","2",
"1778896526.699","3",
"1778896526.702","3",
"1778896526.704","6",
"1778896526.707","3",
"1778896526.71","4",
"1778896526.713","6",
"1778896526.715","5",
"1778896526.716","7",
"1778896526.718","6",
"1778896526.721","2",
"1778896526.724","3",
"1778896526.727","0",
"1778896526.729","3",
"1778896526.73","5",
"1778896526.732","0",
"1778896526.735","4",
"1778896526.738","7",
"1778896526.741","3",
"1778896526.743","3",
"1778896526.746","3",
"1778896526.749","4",
"1778896526.752","3",
"1778896526.754","7",
"1778896526.755","4",
"1778896526.757","6",
"1778896526.76","3",
"1778896526.763","5",
"1778896526.765","5",
"1778896526.766","1",
"1778896526.768","5",
"1778896526.771","2",
"1778896526.774","1",
"1778896526.777","3",
"1778896526.779","0",
"1778896526.782","7",
"1778896526.785","0",
"1778896526.788","4",
"1778896526.79","1",
"1778896526.791","1",
"1778896526.793","4",
"1778896526.796","1",
"1778896526.799","2",
"1778896526.802","0",
"1778896526.804","1",
"1778896526.805","3",
"1778896526.807","7",
"1778896526.81","2",
"1778896526.813","2",
"1778896526.815","1",
"1778896526.816","1",
"1778896526.818","3",
"1778896526.821","7",
"1778896526.824","2",
"1778896526.827","3",
"1778896526.829","3",
"1778896526.832","4",
"1778896526.835","3",
"1778896526.838","4",
"1778896526.841","5",
"1778896526.843","4",
"1778896526.846","6",
"1778896526.849","2",
"1778896526.852","4",
"1778896526.854","3",
"1778896526.857","3",
"1778896526.86","1",
"1778896526.863","3",
"1778896526.865","4",
"1778896526.866","5",
"1778896526.868","6",
"1778896526.871","3",
"1778896526.874","6",
